﻿<?xml version="1.0" encoding="utf-8"?>
<FATCAIDESSenderFileMetadata xmlns:xsi="http://www.w3.org/2001/XMLSchema-instance" xmlns="urn:fatca:idessenderfilemetadata">
	<FATCAEntitySenderId>HESXAU.99999.SL.643</FATCAEntitySenderId>
	<FATCAEntityReceiverId>000000.00000.TA.840</FATCAEntityReceiverId>
	<FATCAEntCommunicationTypeCd>RPT</FATCAEntCommunicationTypeCd>
	<SenderFileId>20150330T201531245Z</SenderFileId>
	<FileCreateTs>2015-03-30T14:50:30Z</FileCreateTs>
	<TaxYear>2014</TaxYear>
	<FileRevisionInd>false</FileRevisionInd>
</FATCAIDESSenderFileMetadata>